building,mean_kwh,min_kwh,max_kwh,total_kwh
Admin Block,14.477110215053763,4.0,40.69,10770.97
Engg Block,48.828736559139784,10.0,127.61,36328.58
Hostel,37.49692204301075,7.0,94.72,27897.71
Library,22.434811827956988,5.38,45.79,16691.5
